Название|Адрес|Долгота|Широта
Пульс, сеть аптек|Первомайская, 123|83.060578373319|54.741271532829
Пульс, сеть аптек|Микрорайон, 16Б|83.049540399039|54.747059859075
Пульс, сеть аптек|Лелюха, 9|83.101285074952|54.764639051644
Пульс, сеть аптек|Красная Сибирь, 105|83.062623638422|54.748817675833
Пульс, сеть аптек|Ленина, 52|83.103781209343|54.760328302626
Пульс, сеть аптек|Лелюха, 13|83.099753470354|54.763016663015
Пульс, сеть аптек|Лунная, 8|83.055853116107|54.749178597202
Аптека, ООО Антей-98|Столетова, 2а|82.965181001376|55.098757229239
Интра, аптека|Есенина, 41|82.989115473501|55.042503847339
Домашняя аптека, ООО Аптека Супер фарм|Вертковская, 5/1|82.891575175545|54.975371442638
Домашняя аптека, ООО Аптека Супер фарм|Энергетиков проезд, 8|82.874302165502|55.011230264263
Адонис, ООО, аптека|Зорге, 25|82.902529628935|54.935396634793
Аптека, ООО Вектор-Фарм|Кольцово пос, 12а|83.185112379498|54.940230106559
Аптека №163, ОАО|Кольцово пос, 25а|83.189865171123|54.943291466784
Аптека, ООО Медовая компания Сибирь|Геодезическая, 23|82.911829340008|54.986635569741
Сибирское Здоровье, ООО, аптека|Плахотного, 74/2|82.847964420681|54.986299701344
Сибирь-Фарм, аптека|Гидромонтажная, 50|82.978398028667|54.860945509599
Витана, аптечная сеть|Комсомольская, 19|83.302859560299|54.642989879376
Витана, аптечная сеть|Индустриальный микрорайон, 24|83.302476474196|54.625007087376
Витана, аптечная сеть|Ленинградская, 19а|83.289898217442|54.633509481517
Витана, аптечная сеть|Лермонтова, 43|83.304676252471|54.632543522913
Витана, аптечная сеть|Южный микрорайон, 40а|83.287958369698|54.611693279534
Оптимэ+, ООО, сеть аптек|Комсомольская, 31|83.30865120889|54.642881383692
Оптимэ+, ООО, сеть аптек|Пушкина, 40|83.303849678598|54.63898445599
Аптека.ру, служба доставки лекарств|Киевская, 16/1|82.850427011281|54.990754161996
Аптека.ру, служба доставки лекарств|Ватутина, 12|82.88539400058|54.989017509085
Аптека.ру, служба доставки лекарств|Владимировская, 1|82.892080665714|55.031632485034
Аптека.ру, служба доставки лекарств|Богдана Хмельницкого, 35|82.951273829847|55.074814380978
Аптека.ру, служба доставки лекарств|Авиастроителей, 14|82.97631470834|55.07390998938
Аптека.ру, служба доставки лекарств|Геодезическая, 13|82.907345763647|54.988361103576
Аптека.ру, служба доставки лекарств|Первомайская, 39/4|83.109433914527|54.966354706324
Аптека.ру, служба доставки лекарств|Демьяна Бедного, 58а|82.934919522048|55.048116887118
Аптека.ру, служба доставки лекарств|Железнодорожная, 2|82.719324062839|54.991486415347
Аптека.ру, служба доставки лекарств|Никитина, 70|82.963994164747|55.014962989168
Аптека.ру, служба доставки лекарств|Кольцово пос, 25|83.189997675935|54.942805035229
Аптека.ру, служба доставки лекарств|Серебренниковская, 42|82.925417429172|55.029017650626
Аптека.ру, служба доставки лекарств|Челюскинцев, 5|82.898393497152|55.037232681793
Аптека.ру, служба доставки лекарств|Ленина, 27|83.094996335441|54.763728340919
Аптека.ру, служба доставки лекарств|Кошурникова, 11/1|82.960922848844|55.042142928049
Аптека.ру, служба доставки лекарств|Колхидская, 11|82.816505612836|54.989795099131
Аптека.ру, служба доставки лекарств|Красный проспект, 161|82.91151620997|55.06133116267
Аптека.ру, служба доставки лекарств|Дмитрия Донского, 30|82.895591717927|55.062835454347
Аптека.ру, служба доставки лекарств|Новогодняя, 4/1|82.899903055341|54.980213390514
Аптека.ру, служба доставки лекарств|Фабричная, 4/1|82.922412544535|55.015710763191
Аптека.ру, служба доставки лекарств|Иванова, 28|83.090652900635|54.867742770535
Аптека Сибири, ООО Магнат 8|Киевская, 16/1|82.850427011281|54.990754161996
Аптека.ру, служба доставки лекарств|Народная, 32|82.960592617939|55.076329165891
Аптека.ру, служба доставки лекарств|Кольцово пос, 18а|83.185125280252|54.942289633491
Аптека.ру, служба доставки лекарств|Марии Ульяновой, 1|83.088205191678|54.971373037841
Аптека.ру, служба доставки лекарств|Станиславского, 15|82.872330193394|54.982513158657
Аптека.ру, служба доставки лекарств|Станиславского, 28|82.872222423158|54.975578732593
Аптека.ру, служба доставки лекарств|Иванова, 3|83.081726594128|54.866638711236
ДНК-Плюс, аптека|Тельмана, 16Б|83.181546337297|54.958905767712
Аптека.ру, служба доставки лекарств|Титова, 13|82.881050022564|54.982136439309
Аптека.ру, служба доставки лекарств|Титова, 1|82.889427808594|54.982039554101
Аптека.ру, служба доставки лекарств|Динамовцев, 1|82.989629692014|54.862182608438
Виктория, аптека|Выставочная, 41/5|82.895073603671|54.995535834616
Аптека.ру, служба доставки лекарств|Авиастроителей, 13|82.973413009877|55.073234477261
Аптека.ру, служба доставки лекарств|Петухова, 20|82.899265936613|54.939343930579
Аптека.ру, служба доставки лекарств|Вилюйская, 24 к2|83.007218411593|54.998636863303
Аптека.ру, служба доставки лекарств|Залесского, 5|82.925255832336|55.068171790821
Аптечный пункт, ООО Движение|Старое шоссе, 75|83.074753686551|54.92440931124
Аптека.ру, служба доставки лекарств|Котовского, 1|82.889339807533|54.991991437745
Аптека.ру, служба доставки лекарств|Владимировская, 2|82.893396347624|55.031796815644
Аптека.ру, служба доставки лекарств|Жуковского, 109|82.892756354243|55.06257452077
Аптека.ру, служба доставки лекарств|Подгорный микрорайон, 32|83.288106735166|54.625057072816
Аптека.ру, служба доставки лекарств|Большевистская, 34|82.960986927089|54.998039251681
Аптека.ру, служба доставки лекарств|Немировича-Данченко, 155|82.91293356465|54.984003844624
Аптека.ру, служба доставки лекарств|Гоголя, 180|82.954502863914|55.044354113591
Аптека.ру, служба доставки лекарств|Южный микрорайон, 40а|83.287958369698|54.611693279534
Аптека.ру, служба доставки лекарств|Краснообск пос, ДОМ БЫТА|82.983239450492|54.91884141153
Аптека.ру, служба доставки лекарств|Краснообск пос, 93|82.994842083739|54.921284954192
Аптека.ру, служба доставки лекарств|Краснообск пос, 221|82.983635072222|54.923088673903
Аптека.ру, служба доставки лекарств|Краснообск пос, 207|82.983656040554|54.925411013908
Аптека.ру, служба доставки лекарств|Объединения, 80|82.962418922556|55.095876586539
Аптека.ру, служба доставки лекарств|Троллейная, 18|82.853735884559|54.991784782691
Аптека, ЗАО Евросервис|Кирова, 27/3|82.946189994244|55.018936808595
Аптека.ру, служба доставки лекарств|Троллейная, 130а|82.8526254483|54.966614935703
Аптека.ру, служба доставки лекарств|Ленинградская, 19а|83.289898217442|54.633509481517
Аптека.ру, служба доставки лекарств|Тульская, 90/2|82.912607337865|54.977145543689
Аптека.ру, служба доставки лекарств|Горский микрорайон, 43|82.896199686599|54.992963278333
Аптека.ру, служба доставки лекарств|Горский микрорайон, 3 к2|82.905403120405|54.993590839992
Аптека.ру, служба доставки лекарств|Морской проспект, 22|83.106282922218|54.839199228831
Аптека.ру, служба доставки лекарств|Выборная, 122/3|83.012072543513|55.000100758728
Аптека.ру, служба доставки лекарств|Трудовая, 7|82.919506673796|55.032006787153
Аптека.ру, служба доставки лекарств|25 лет Октября, 1|82.969862349824|55.068875488685
Аптека.ру, служба доставки лекарств|Советская, 21а|83.321843816922|55.211036121352
Аптека.ру, служба доставки лекарств|Ключ-Камышенское Плато, 14|83.046171856783|54.98794093364
Аптека.ру, служба доставки лекарств|Лескова, 282|82.973381534533|55.012510196694
Аптека.ру, служба доставки лекарств|Зорге, 25|82.902529628935|54.935396634793
Аптека.ру, служба доставки лекарств|Зорге, 20|82.906792231534|54.933237485229
Аптека.ру, служба доставки лекарств|Зорге, 179/1|82.919310344076|54.934768694651
Аптека.ру, служба доставки лекарств|Зорге, 267|82.924113907522|54.933500874146
Аптека.ру, служба доставки лекарств|40 лет Комсомола, 5|82.980542014795|54.859150855049
Аптека.ру, служба доставки лекарств|Забалуева, 78Б|82.806305734837|54.988698814889
Аптека.ру, служба доставки лекарств|Невельского, 5а|82.832275982637|54.99342392548
Аптека.ру, служба доставки лекарств|Карла Маркса площадь, 3|82.891261492656|54.98362115031
Аптека.ру, служба доставки лекарств|Бердышева, 5|82.969190397048|54.862631602346
Аптека.ру, служба доставки лекарств|Восход, 18|82.941258856439|55.012011336247
Аптека.ру, служба доставки лекарств|Красный проспект, 24|82.922662131988|55.023990201668
Аптека.ру, служба доставки лекарств|Красный проспект, 13|82.921544698964|55.024121266732
Аптека.ру, служба доставки лекарств|Красный проспект, 15/1|82.921095416876|55.025706642791
Аптека.ру, служба доставки лекарств|Бетонная, 5|82.905689029685|54.96299578578
Аптека.ру, служба доставки лекарств|Лермонтова, 43|83.304676252471|54.632543522913
Аптека.ру, служба доставки лекарств|Демакова, 20|83.109070152952|54.863272307985
Аптека.ру, служба доставки лекарств|Демакова, 5|83.103461987285|54.864138511798
Аптека.ру, служба доставки лекарств|Героев Труда, 4|83.080764781931|54.86083751993
Аптека.ру, служба доставки лекарств|Грибоедова, 34|82.958351252776|55.006971339881
Аптека.ру, служба доставки лекарств|Ленина, 89/9|83.115390428532|54.757389155101
Аптека.ру, служба доставки лекарств|Ленина, 36|83.098556056535|54.761741626188
Аптека.ру, служба доставки лекарств|Ленина, 33|83.100518550643|54.76197488113
Аптека.ру, служба доставки лекарств|Комсомольская, 23а|82.961267427063|54.957140362054
Аптека.ру, служба доставки лекарств|Саратовская, 2|82.886773630179|55.038791265657
Аптека.ру, служба доставки лекарств|Дзержинского проспект, 7|82.965421814419|55.051855217143
Аптека.ру, служба доставки лекарств|Дзержинского проспект, 18|82.968192065604|55.052290612984
Аптека.ру, служба доставки лекарств|Дзержинского проспект, 38|82.984886651149|55.060292405472
Аптека.ру, служба доставки лекарств|Дзержинского проспект, 79|82.989757680932|55.06325611337
Аптека.ру, служба доставки лекарств|Дзержинского проспект, 81|82.992256568099|55.064412999032
Аптека.ру, служба доставки лекарств|Тюленина, 16/1|82.943743595758|55.109279806127
Аптека.ру, служба доставки лекарств|Южный микрорайон, 48|83.280449573169|54.615852794362
Аптека.ру, служба доставки лекарств|Бориса Богаткова, 248а|82.978435881975|55.037287514609
Аптека.ру, служба доставки лекарств|Доватора, 29|83.000787783527|55.040559343391
Аптека.ру, служба доставки лекарств|Челюскинцев, 17|82.907706622263|55.040676005068
Аптека.ру, служба доставки лекарств|Дачная, 60 к14|82.903135572529|55.065832709772
Аптека.ру, служба доставки лекарств|Балтийская, 33|83.051576215094|54.855201876385
Аптека.ру, служба доставки лекарств|Линейная, 45|82.91965010086|55.051459337356
Аптека.ру, служба доставки лекарств|Крылова, 15|82.926738334457|55.041145543271
Аптека.ру, служба доставки лекарств|Сухарная, 35 к5|82.869361457931|55.047152307242
Аптека.ру, служба доставки лекарств|Дуси Ковальчук, 16|82.886752540508|55.04864104097
Аптека.ру, служба доставки лекарств|Дуси Ковальчук, 1/1|82.882155044038|55.04929351778
Аптека.ру, служба доставки лекарств|Дуси Ковальчук, 89|82.902095060148|55.055752166498
Аптека.ру, служба доставки лекарств|Дуси Ковальчук, 175|82.907098457748|55.057718209031
Аптека.ру, служба доставки лекарств|Дуси Ковальчук, 266/1|82.916173340108|55.059842705115
Аптека.ру, служба доставки лекарств|Красный проспект, 218|82.911698674769|55.065728479913
Аптека.ру, служба доставки лекарств|Дуси Ковальчук, 185|82.920975824505|55.063095806152
Аптека.ру, служба доставки лекарств|Пришвина, 2/1 к1|83.117912678227|54.938085371481
Аптека.ру, служба доставки лекарств|Первомайская, 196|83.070229337711|54.974330815262
Аптека.ру, служба доставки лекарств|Кирова, 25|82.94214676201|55.018251988622
Аптека.ру, служба доставки лекарств|Ленина, 94|82.896300770296|55.039018270982
Аптека.ру, служба доставки лекарств|Пархоменко, 84|82.851907162801|54.987208466621
Аптека.ру, служба доставки лекарств|Дуси Ковальчук, 378а|82.924164594001|55.063110910106
Аптека.ру, служба доставки лекарств|Красный проспект, 81|82.914003849351|55.051209719613
Аптека.ру, служба доставки лекарств|Рассветная, 2/5|82.970644302771|55.109951947982
Аптека.ру, служба доставки лекарств|Бориса Богаткова, 252|82.979988217674|55.038446483652
Аптека.ру, служба доставки лекарств|Бориса Богаткова, 167|82.970690798566|55.034139444756
Аптека.ру, служба доставки лекарств|Терешковой, 12|83.101933320404|54.8410038367
Аптека.ру, служба доставки лекарств|Терешковой, 36|83.11208937058|54.839324127717
Аптека.ру, служба доставки лекарств|Российская, 10а|83.090639985642|54.869758878272
Аптека.ру, служба доставки лекарств|Героев Революции, 16|83.093142157756|54.974596644997
Аптека.ру, служба доставки лекарств|Богдана Хмельницкого, 72|82.964733025681|55.080914491772
Аптека.ру, служба доставки лекарств|Комсомольская, 19|83.302859560299|54.642989879376
Мир здоровья, аптека|Залесского, 5|82.925255832336|55.068171790821
Аптека.ру, служба доставки лекарств|Станиславского, 29/1|82.873758161717|54.974319172669
Аптека.ру, служба доставки лекарств|Кропоткина, 130/7|82.94198069053|55.05726522486
Аптека.ру, служба доставки лекарств|Узорная, 8|83.078350777432|54.922873855623
Аптека.ру, служба доставки лекарств|Дзержинского проспект, 30/1|82.976527045097|55.056233547009
Аптека.ру, служба доставки лекарств, Пункты выдачи|40 лет Комсомола, 54|82.982150782928|54.864634019883
Аптека.ру, служба доставки лекарств|Есенина, (27)|82.987178383125|55.048485014152
Аптека.ру, служба доставки лекарств|Оловозаводская, 14|82.95301460566|54.963510335313
Аптека.ру, служба доставки лекарств|Челюскинцев, 30/1|82.90656875021|55.039384355683
Аптека.ру, служба доставки лекарств|Ипподромская, 46|82.938882376965|55.059265834042
Аптека.ру, служба доставки лекарств|Советская, 21|82.917058271701|55.026027622488
Аптека.ру, служба доставки лекарств|Блюхера, 7|82.889539408195|54.983822865474
Аптека.ру, служба доставки лекарств|Комсомольская, 10|82.964468790094|54.957488855887
Аптека.ру, служба доставки лекарств|Карла Маркса проспект, 8|82.899221998489|54.984413549955
Аптека.ру, служба доставки лекарств|Геодезическая, 1|82.902973507206|54.990795306406
Аптека.ру, служба доставки лекарств|Зелёная Горка, 1а|83.096983034184|54.889206909696
Аптека.ру, служба доставки лекарств|Дуси Ковальчук, 77а|82.8973674226|55.053819635514
Аптека.ру, служба доставки лекарств|Красный проспект, 66|82.918353829271|55.040535851741
Аптека.ру, служба доставки лекарств|Станиславского, 40/1|82.873038911|54.969116608601
Аптека.ру, служба доставки лекарств|Ленина, 59|82.900622957899|55.034002444777
Эра, аптека|ЖКО аэропорта, 28/1 к1|82.699837624141|54.99595728815
Эра, аптека|Геодезическая, 60а|82.683982573932|54.987934368115
Эра, аптека|Станционная, 59/1|82.830229894381|54.995423752713
Леди-фарм плюс, аптека|Ватутина, 19|82.893165313388|54.985974011189
Линия Здоровья, аптека|Железнодорожная, 2|82.719324062839|54.991486415347
Аптека города, аптечная сеть|Курчатова, 1|82.960565585539|55.104346448211
Аптека города, аптечная сеть|Станиславского, 17|82.873363213118|54.981796765611
Аптека города, аптечная сеть|Бориса Богаткова, 206|82.973272078462|55.033703944769
Аптека города, аптечная сеть|Станиславского, 40|82.872925330606|54.969661291846
На здоровье, аптека, ООО Фармресурс|Выборная, 89/2|83.013600009595|55.00147985961
Витерра, аптечный пункт|Сибиряков-Гвардейцев, 64/1|82.896118998023|54.936849258971
Вест Фарма, аптека|Фадеева, 22а|82.937092244101|55.092123350896
Аптека на Красном, ООО|Красный проспект, 49|82.918182392414|55.036955524317
Олдис Фарм, аптека|Петухова, 122/3 к1|82.929953208929|54.939145875981
Таблетка плюс, аптека|Одоевского, 1/2|83.110754629402|54.938245176738
Аптека на Фасадной, ООО 555 плюс|Фасадная, 15|82.819503886455|54.989536322577
Эдельвейс, система аптек|Никольский проспект, 2|83.188325968132|54.939111654621
Витамин, аптечный пункт|Тружеников, 8 к1|83.046013820712|54.847259311301
Эвалар, сеть аптек|Кавалерийская, 9|82.920082411859|55.057640663648
Аптека, ООО Медицинская служба|Владимировская, 1|82.892080665714|55.031632485034
Эдельвейс, система аптек|Нарымская, 37|82.89603626254|55.05141077103
Эвалар, сеть аптек|Горский микрорайон, 53|82.898932444469|54.993540288415
Эвалар, сеть аптек|Горский микрорайон, 78|82.89104916071|54.993931986724
Тонус, аптека|Вознесенская, 3|83.190654399503|54.93663267416
Новониколаевская аптека, ООО|Горский микрорайон, 3 к2|82.905403120405|54.993590839992
Новониколаевская аптека, ООО|Ударная, 27/2 к4|82.861380006536|54.967422494522
Аптека, ООО МедФарм|Депутатская, 48|82.927090522914|55.02930530353
Линия Здоровья, аптека|Балтийская, 33|83.051576215094|54.855201876385
Солнышко, сеть аптек|Ударная, 27/2 к1|82.8620208329|54.967319024528
Солнышко, сеть аптек|Центральная, 43а|82.73431309802|54.986365768176
Инфо-Медика, ООО, аптека|Гоголя, 3|82.915426055797|55.042281867965
Леко, аптека|Богдана Хмельницкого, 5|82.935770570254|55.066778732585
Лекарна, аптека|Высоцкого, 43|83.020238220996|55.03044417459
Аптека, ООО Доктор плюс|Высоцкого, 38 к3|83.021232878023|55.029754207563
Аптека на Шамшиных, ООО Ариадна|Семьи Шамшиных, 30|82.932712505902|55.032400621568
Жизнь, аптека|Ленина, 10|82.914317527492|55.030039739218
Рецепты здоровья, аптека|Орджоникидзе, 35|82.9268411196372|55.031769506565
Сеть аптек, ООО ФК СП-Фарм|Геодезическая, 60а|82.6839825739322|54.9879343681153
Аптечный пункт, Городская стоматологическая поликлиника №6|Нарымская, 5|82.910852466526|55.038594594629
Социальная аптека, ООО Примекс-Алтая|Аэропорт, 45|82.908286340858|55.076008071005
Социальная аптека, ООО Примекс-Алтая|Карла Маркса проспект, 37/2|82.905046599862|54.989064209409
Люкс, аптека|Дзержинского проспект, 1/1|82.949634010735|55.043544591132
ФАРМ-АТ, аптека|Доватора, 128/1|83.001066048895|55.036151733847
Аптечный пункт, ИП Никулин В.П.|Адриена Лежена, 32|82.987261390429|55.037192801456
Аптека, ООО Капитал|Котовского, 4|82.882501491413|54.992896794336
Аптека, ООО Капитал|Лазурная, 24|83.018436414809|55.033594640314
Аптека, ООО Ирис|Новогодняя, 8|82.902389904214|54.981686570929
Аптека, ЗАО ТТЦ Изумруд|Добролюбова, 14|82.950240181103|55.008015214166
Кедр, аптека|Зорге, 129/4|82.923017564509|54.935367121793
Кедр, аптека|Морской проспект, 3|83.110575428342|54.840428257876
Солнышко, ООО, аптека|Колхидская, 11|82.816505612836|54.989795099131
Солнышко, ООО, аптека|Карла Маркса проспект, 43|82.907362517005|54.990096654384
Солнышко, ООО, аптека|Учительская, 17|82.96992992434|55.077477704228
Солнышко, ООО, аптека|Титова, 1|82.889427808594|54.982039554101
Солнышко, ООО, аптека|Доватора, 128/1|83.001066048895|55.036151733847
Солнышко, ООО, аптека|Богдана Хмельницкого, 35|82.951273829847|55.074814380978
Солнышко, ООО, аптека|Мичурина, 23|82.92124558814|55.041147045994
Аптека, ООО ДНК|Горский микрорайон, 43|82.896199686599|54.992963278333
Знахарь, аптека|Кошурникова, 11/1|82.960922848844|55.042142928049
Планета здоровья, аптека|Горский микрорайон, 67|82.8922171386305|54.995278397936
Холидей, аптека|Горский микрорайон, 86|82.886778617774|54.993687687574
Ваше здоровье, ООО, сеть аптек|Рассветная, 5/1|82.967048759057|55.108823938475
Ваше здоровье, ООО, сеть аптек|Котовского, 10|82.880066097652|54.993420833151
Иммунитет, ООО, аптека|Карла Маркса площадь, 3|82.891261492656|54.98362115031
Ритм, ООО, сеть аптечных пунктов|Горский микрорайон, 64|82.893791989803|54.993271912603
Ритм, ООО, сеть аптечных пунктов|Сибиряков-Гвардейцев, 57/2|82.898135058744|54.93849697743
Ритм, ООО, сеть аптечных пунктов|Часовая, 1|82.989771333258|54.86506937781
Ритм, ООО, сеть аптечных пунктов|Арбузова, 1/1|83.105755024572|54.872464527455
Домашняя аптека, ООО Хедж|Карла Маркса проспект, 2 / Ватутина, 29|82.897671921005|54.98293424874
Ваше здоровье, ООО, сеть аптек|Ватутина, 21|82.893556416854|54.985236222926
Аптека 36.6, национальная аптечная сеть|Ватутина, 33|82.899420581241|54.981958244475
Аптека 36.6, национальная аптечная сеть|Красный проспект, 69|82.916168506856|55.044395951059
Дружба, аптека|Черемховская, 20|82.994198788855|55.027449030681
Аптечный пункт, ООО Арон|Ленина, 7/1|83.120760584151|55.056097564831
Фармакопейка, сеть аптек-дискаунтеров|Гоголя, 19|82.927275560407|55.043248859228
Фармакопейка, сеть аптек-дискаунтеров|Дуси Ковальчук, 18|82.888290064792|55.049439592536
Моя Аптека, сеть аптек|Шлюзовая, 26 к1|83.044226829024|54.852288621007
Моя Аптека, сеть аптек|Русская, 5|83.041207632993|54.84825699783
Моя Аптека, сеть аптек|Выборная, 122|83.009719556601|54.999323683826
Моя Аптека, сеть аптек, н.п. Кольцово|Кольцово пос, 17|83.184257952276|54.942470270621
Моя Аптека, сеть аптек|Учительская, 8|82.975633794022|55.074543020999
Моя Аптека, сеть аптек|Южный микрорайон, 38|83.287151410702|54.61250671008
Моя Аптека, сеть аптек|Пушкина, 91|83.305828995308|54.632006045249
Моя Аптека, сеть аптек|Иванова, 30|83.09227703498|54.867908694763
Моя Аптека, сеть аптек|Рассветная, 6|82.973225901587|55.109988687618
Моя Аптека, сеть аптек|Энгельса пер, 4|83.096340287113|54.804880864787
Моя Аптека, сеть аптек, г. Искитим|Подгорный микрорайон, 7|83.288306968528|54.628395169589
Моя Аптека, сеть аптек|Экваторная, 1/1|83.096427876654|54.888414506737
Моя Аптека, сеть аптек|Балтийская, 29|83.050336955939|54.855020211704
Моя Аптека, сеть аптек|Первомайская, 164|83.082107974736|54.973026191178
Моя Аптека, сеть аптек|Героев Труда, 18/1|83.081020348595|54.866511028095
Моя Аптека, сеть аптек|Демакова, 1|83.100261017753|54.864201148702
Моя Аптека, сеть аптек|Варшавская, 12|82.968524000794|54.861915152274
Моя Аптека, сеть аптек|Морской проспект, 24|83.105628125186|54.839206945127
Моя Аптека, сеть аптек, Октябрьский район|Восход, 11|82.944291481991|55.015426096557
Моя Аптека, сеть аптек, Калининский район|Курчатова, 7|82.966738339126|55.105112904791
Моя Аптека, сеть аптек, Дзержинский район|Авиастроителей, 2|82.968764066151|55.070460261636
Моя Аптека, сеть аптек|Арбузова, 6|83.103143989733|54.869594365823
Моя Аптека, сеть аптек|Выборная, 125/1|83.020917803795|55.003492409309
Моя Аптека, сеть аптек|Лазурная, 27/1|83.018417501554|55.034399576779
Моя Аптека, сеть аптек, г. Бердск|Ленина, 33|83.100518550643|54.76197488113
Моя Аптека, сеть аптек, Кировский район|Зорге, 73|82.91205582826|54.936331108259
Моя Аптека, сеть аптек|Богдана Хмельницкого, 26|82.94643564793|55.071500317583
Моя Аптека, сеть аптек, Советский район|Ильича, 6|83.095333773668|54.839283298525
Моя Аптека, сеть аптек|Лазурная, 16/1|83.011484187295|55.032926969495
Моя Аптека, сеть аптек|Большевистская, 16|82.951784564873|55.001547858387
Моя Аптека, сеть аптек|Титова, 198|82.829248082505|54.980563084999
Моя Аптека, сеть аптек|Шукшина, 16|83.12278174392|54.939170828394
Моя Аптека, сеть аптек|Новосибирская, 15|83.094334653112|54.805340189403
Моя Аптека, сеть аптек|Советская, 1а|82.780893450274|54.886392423273
Моя Аптека, сеть аптек, Ленинский район|Горский микрорайон, 54|82.900616421129|54.994030883897
Моя Аптека, сеть аптек|Лесосечная, 3/1|83.085243950194|54.889821710641
Моя Аптека, сеть аптек, Первомайский район|Шукшина, 3|83.124567062276|54.939021409228
Моя Аптека, сеть аптек|Лазурная, 20/1|83.013857326137|55.032396629311
Моя Аптека, сеть аптек|Курганская, 38|82.842340259981|54.970908504745
Бережная аптека, ГК Фармаимпекс|Авиастроителей, 2|82.968764066151|55.070460261636
Бережная аптека, ГК Фармаимпекс|Связистов, 151 к1|82.843221387201|54.964385261107
Бережная аптека, ГК Фармаимпекс|Гоголя, 34|82.932154051642|55.042918419589
Бережная аптека, ГК Фармаимпекс|Мичурина, 23/1|82.920828811615|55.042007669259
Бережная аптека, ГК Фармаимпекс|Троллейная, 1|82.857621560618|54.992883467757
Бережная аптека, ГК Фармаимпекс|Морской проспект, 44|83.09929350214|54.836128463025
Бережная аптека, ГК Фармаимпекс|Дуси Ковальчук, 77а|82.8973674226|55.053819635514
Бережная аптека, ГК Фармаимпекс|Станиславского, 14|82.871281612273|54.981440536805
Бережная аптека, ГК Фармаимпекс|Геодезическая, 1|82.902973507206|54.990795306406
Бережная аптека, ГК Фармаимпекс|Бориса Богаткова, 252|82.979988217674|55.038446483652
Бережная аптека, ГК Фармаимпекс|Рассветная, 4а|82.971877904275|55.109781567152
Бережная аптека, ГК Фармаимпекс|Горский микрорайон, 60|82.897246631187|54.993061234654
Бережная аптека, ГК Фармаимпекс|ЖКО аэропорта, 4|82.692874750333|54.996914042965
Бережная аптека, ГК Фармаимпекс|Дуси Ковальчук, 266|82.916177212572|55.060433360516
Бережная аптека, ГК Фармаимпекс|Громова, 16 к1|82.908297514139|54.935458059049
Аптечный пункт, ИП Зима Л.И.|Станционная, 30а к А|82.852267644352|54.998045496207
Радуга, сеть аптек, Эконом аптека|Красный проспект, 17|82.920896131841|55.026619169589
Аптека, ООО Клиника Санитас|Вокзальная магистраль, 16|82.914219571937|55.031349105062
Аптека без лекарств, ООО|Ватутина, 71|82.909086399715|54.979030794778
Аптека, ИП Чалина Е.И.|Линейная, 66а|83.117863028777|55.157274119266
Аптека, ООО Квирт|Ленина, 89/9|83.115390428532|54.757389155101
Ладушка, федеральная сеть аптек|Дзержинского проспект, 61|82.97669916922|55.05710813293
Ладушка, федеральная сеть аптек|Зорге, 179|82.92137286154|54.934677031749
Ладушка, федеральная сеть аптек|Красный проспект, 30|82.922909915077|55.026175220498
Ладушка, федеральная сеть аптек|Богдана Хмельницкого, 4|82.936386884887|55.065992852209
Ладушка, федеральная сеть аптек|Мичурина, 23|82.92124558814|55.041147045994
Ладушка, федеральная сеть аптек|Народная, 48|82.967745945287|55.080100912746
Ладушка, федеральная сеть аптек|Красный проспект, 186|82.913568106524|55.058594687779
Ладушка, федеральная сеть аптек|Красный проспект, 59|82.917230567957|55.040517134354
Ладушка, федеральная сеть аптек|Карла Маркса проспект, 2|82.897671921005|54.98293424874
Ладушка, федеральная сеть аптек|Станиславского, 14|82.871281612273|54.981440536805
Белый Аист, аптека|Есенина, 5|82.994607436305|55.051170575971
Здоровая семья, аптека|Есенина, (27)|82.987178383125|55.048485014152
Нива-фарм, ООО, аптека|Микрорайон, 11Б|82.641717649818|55.087193039063
Симплекс, ООО, аптека|Высоцкого, 39 к4|83.021097565508|55.032213539592
Аптека, ООО УРЦ|Пирогова, 25/2|83.089948058063|54.84988355863
Аптека, ООО УРЦ|Терешковой, 36|83.11208937058|54.839324127717
Домашняя Аптечка, ООО|Сиреневая, 31|83.045430661635|54.8543395948
Аптека, ООО Шаклин|Демакова, 30|83.115369418604|54.860188986222
Регионфарм, ООО, сеть аптек|Первомайская, 104/1|83.10971959132|54.966655794563
Регионфарм, ООО, сеть аптек|Вилюйская, 25|83.007986122178|54.999485225693
Регионфарм, ООО, сеть аптек|Новоуральская, 12/1|82.963168153008|55.176846862238
Юникум, аптека|Дуси Ковальчук, 378а|82.924164594001|55.063110910106
ФэмилиФарм|Авиастроителей, 13|82.973413009877|55.073234477261
Аптечный пункт, МУП|Ленина, 30|82.637035034542|54.692633086367
Галатея, аптека|Северный микрорайон, 18/1|83.097520458481|54.769417929065
Орхидея, сеть аптек|Экваторная, 2а|83.097842484292|54.8886817156
Орхидея, сеть аптек, Офис|Зелёная Горка, 1|83.10526021542|54.895346706673
Орхидея, сеть аптек|Российская, 10а|83.090639985642|54.869758878272
Оранжевая, аптека|Одоевского, 1/9|83.105051417455|54.938132474358
Ноль Боль, аптечная сеть|Широкая, 129|82.84289996539|54.992601128356
Ноль Боль, аптечная сеть|Дунаевского, 3|82.972701594034|55.100741432212
Ноль Боль, аптечная сеть|Объединения, 33|82.970121095127|55.098884601605
Ноль Боль, аптечная сеть|Высоцкого, 44|83.02265962004|55.027772552342
Ноль Боль, аптечная сеть|Кропоткина, 111|82.916584613589|55.054586737345
Ноль Боль, аптечная сеть|Северная, 11|82.913285536097|55.070508113328
Ноль Боль, аптечная сеть|Октябрьская, 33|82.918712844788|55.024669373266
Ноль Боль, аптечная сеть|Рассветная, 4|82.972287965216|55.110099443015
Ноль Боль, аптечная сеть|Никольский проспект, 6|83.19065970671|54.937918778138
Ноль Боль, аптечная сеть|Сибиряков-Гвардейцев, 34|82.896715190855|54.975460710683
Ноль Боль, аптечная сеть|Зорге, 45|82.907254694937|54.935107822291
Ноль Боль, аптечная сеть|Мочищенское шоссе, 16|82.905486348344|55.075982173558
Ноль Боль, аптечная сеть|Первомайская, 236|83.047783764065|54.977550730027
Ноль Боль, аптечная сеть|Русская, 3|83.042738294305|54.849008222957
Ноль Боль, аптечная сеть|Титова, 26|82.872330193394|54.982513158657
Ноль Боль, аптечная сеть|Большевистская, 153|82.967466631416|54.996504158577
Ноль Боль, аптечная сеть|Ольги Жилиной, 88|82.933638971415|55.045038957849
Ноль Боль, аптечная сеть|Демакова, 13|83.109436073792|54.864132952626
Ноль Боль, аптечная сеть|Ленина, 77|82.896111872929|55.03865237528
Ноль Боль, аптечная сеть|Учительская, 37|82.96352904129|55.081711747472
Ноль Боль, аптечная сеть|Курганская, 38|82.842340259981|54.970908504745
Ноль Боль, аптечная сеть|Дуси Ковальчук, 73|82.893563355551|55.052440199221
Ноль Боль, аптечная сеть|Выборная, 125/1|83.020917803795|55.003492409309
Ноль Боль, аптечная сеть|Солидарности, 12|82.981517293795|55.162780314989
Ноль Боль, аптечная сеть|Блюхера, 20|82.8966617998|54.987422673472
Ноль Боль, аптечная сеть|Гусинобродское шоссе, 11|83.002662820572|55.037011129669
Ноль Боль, аптечная сеть|Станиславского, 20|82.871733857086|54.978785732621
Ноль Боль, аптечная сеть|Комсомольская, 4|82.964997533835|54.957147093207
Радуга, сеть аптек|Большевистская, 52/1|82.965778425226|54.995075161714
Радуга, сеть аптек|Гусинобродское шоссе, 64|83.015775793801|55.037397121485
Радуга, сеть аптек|Ветлужская, 18|82.973124549869|54.854417696271
Радуга, сеть аптек|Богдана Хмельницкого, 54|82.958360423754|55.077681976148
Радуга, сеть аптек|Кирзаводская, 1а|82.8551231993|54.970677146088
Сиб-РОСПО, ООО, аптека|Авиастроителей, 1/6|82.962306355569|55.06816197085
Сибирский доктор, аптека|Толбухина, 2|83.003082712172|55.041816579581
Здоровые Люди Санкт-Петербург, аптека|Фрунзе, 238|82.960729271791|55.03926381634
Белая аптека, группа аптек|Дуси Ковальчук, 75/1|82.8930874972|55.053888439497
Белая аптека, группа аптек|Новосибирская, 19 к1|82.844022340169|54.988535604093
Ларец здоровья, аптека|1905 года, 83|82.909947009343|55.045124532101
Аурум, аптека|Тюленина, 1/2а|82.953952867575|55.10719313924
Макси плюс, аптека|Бориса Богаткова, 221|82.976161627929|55.037283994098
Эдельвейс, система аптек|Дзержинского проспект, 18|82.968192065604|55.052290612984
Эдельвейс, система аптек|Титова, 41/1|82.863770596289|54.981322203024
Эдельвейс, система аптек|Первомайская, 106|83.108442121657|54.967038424273
Эдельвейс, система аптек|Гоголя, 180|82.954502863914|55.044354113591
Бердская, сеть аптек|Первомайская, 121|83.061541430646|54.74174792215
Бердская, сеть аптек|Микрорайон, 54|83.05824889014|54.743506388384
Бердская, сеть аптек|Ленина, 35|83.103080266538|54.761174945585
Бердская, сеть аптек|Ленина, 52|83.103781209343|54.760328302626
Бердская, сеть аптек|Боровая, 4/4а|83.0776880883|54.761481021284
Бердская, сеть аптек|Вокзальная, 52|83.113968531006|54.761354994768
Бердская, сеть аптек|Микрорайон, 25а|83.048502817625|54.747444468109
Бердская, сеть аптек|Ленина, 89/15|83.114505179609|54.757665991664
Бердская, сеть аптек|Ленина, 90|83.108944729752|54.758596006131
Бердская, сеть аптек|Карла Маркса, 60/1|83.116478884308|54.753221303137
Бердская, сеть аптек|Первомайская, 11|83.097167149792|54.764053637501
Аптека, ЗАО Компания Витамакс|Залесского, 6 к9|82.93022439954|55.068655224211
ВИАВИТА, аптечный пункт, ООО Центр Здоровья|Челюскинцев, 44/1|82.908815507644|55.04006180476
Сибиряк, аптека|Хилокская, 3а|82.835928076545|54.95029919458
Сибиряк, аптека|Станиславского, 2/1 к2|82.867071515547|54.993801680338
Семья, аптека|Горский микрорайон, 8|82.909802614|54.994864647155
Медсибфармация, ООО, аптека|Бориса Богаткова, 248а|82.978435881975|55.037287514609
Медсибфармация, ООО, аптека|Красный проспект, 24|82.922662131988|55.023990201668
Аптека, ООО Фитоцентр, №1|Челюскинцев, 30/1|82.90656875021|55.039384355683
Аптека, ООО Фитоцентр, №2|Карла Маркса проспект, 8|82.899221998489|54.984413549955
Муниципальная новосибирская аптечная сеть, аптека, Аптека №5|Кропоткина, 126/1|82.933170367833|55.05634915858
Муниципальная новосибирская аптечная сеть, аптека|Тюленина, 24|82.937583974262|55.111114701368
Муниципальная новосибирская аптечная сеть, аптека, Аптека №92|Геодезическая, 9|82.905365108259|54.989463754458
Муниципальная новосибирская аптечная сеть, аптека, Аптека №231|Доватора, 21|82.998670820174|55.042561472396
Муниципальная новосибирская аптечная сеть, аптека, Аптека №274|Челюскинцев, 30/1|82.90656875021|55.039384355683
Муниципальная новосибирская аптечная сеть, аптека, Аптека №189|Достоевского, 8|82.914296296075|55.045064511783
Муниципальная новосибирская аптечная сеть, аптека, Аптека №10|Фасадная, 17/1|82.822230464887|54.984845379673
Муниципальная новосибирская аптечная сеть, аптека, Аптека №199|Троллейная, 18|82.853735884559|54.991784782691
Муниципальная новосибирская аптечная сеть, аптека, Аптека №91|Новоуральская, 28|82.957753383415|55.17879759537
Муниципальная новосибирская аптечная сеть, аптека, Аптека №78|Морской проспект, 22|83.106282922218|54.839199228831
Муниципальная новосибирская аптечная сеть, аптека, Аптека №209|Приморская, 35|82.989629692014|54.862182608438
Муниципальная новосибирская аптечная сеть, аптека, Аптека №136|Танковая, 41|82.935463412341|55.062562026193
Муниципальная новосибирская аптечная сеть, аптека, Офис|Гоголя, 43/1|82.939475036373|55.044243310152
Муниципальная новосибирская аптечная сеть, аптека, Аптека №143|Гоголя, 43/1|82.939475036373|55.044243310152
Муниципальная новосибирская аптечная сеть, аптека, Аптека №165|Петухова, 20|82.899265936613|54.939343930579
Муниципальная новосибирская аптечная сеть, аптека, Аптека №236|Вилюйская, 24 к2|83.007218411593|54.998636863303
Муниципальная новосибирская аптечная сеть, аптека, Аптека №25|Богдана Хмельницкого, 35|82.951273829847|55.074814380978
Муниципальная новосибирская аптечная сеть, аптека, Аптека №99|Карла Маркса проспект, 28/1|82.911189309182|54.991321060957
Муниципальная новосибирская аптечная сеть, аптека, Аптека №255|Владимировская, 2|82.893396347624|55.031796815644
Муниципальная новосибирская аптечная сеть, аптека, Аптека №7|Котовского, 17|82.874474211174|54.991817194534
Муниципальная новосибирская аптечная сеть, аптека, Аптека №223|Котовского, 40|82.862084099222|54.988992097039
Муниципальная новосибирская аптечная сеть, аптека, Аптека №11|Солидарности, 14|82.980333243466|55.161716389685
Муниципальная новосибирская аптечная сеть, аптека, Оптика №2|Кошурникова, 14|82.954924456038|55.042099763891
Муниципальная новосибирская аптечная сеть, аптека, Аптека №49|Урицкого, 24|82.913661259773|55.029153029258
Муниципальная новосибирская аптечная сеть, аптека, Аптека №67|Титова, 13|82.881050022564|54.982136439309
Муниципальная новосибирская аптечная сеть, аптека, Аптека №70|Титова, 1|82.889427808594|54.982039554101
Муниципальная новосибирская аптечная сеть, аптека, Аптека №62|Дзержинского проспект, 1а|82.961658773913|55.049992801805
Муниципальная новосибирская аптечная сеть, аптека, Аптека №61|Дзержинского проспект, 75|82.986113447814|55.061524699974
Муниципальная новосибирская аптечная сеть, аптека, Аптека №4|Ленина, 71|82.896481030374|55.036761879954
Муниципальная новосибирская аптечная сеть, аптека, Аптека №141|Пришвина, 2/1 к1|83.117912678227|54.938085371481
Муниципальная новосибирская аптечная сеть, аптека, Аптека №82|Пермитина, 7|82.889339807533|54.991991437745
Муниципальная новосибирская аптечная сеть, аптека, Аптека №12|Бетонная, 5|82.905689029685|54.96299578578
Муниципальная новосибирская аптечная сеть, аптека, Аптека №212|Вокзальная магистраль, 5|82.905968703083|55.034015834005
Муниципальная новосибирская аптечная сеть, аптека, Аптека №9|Большевистская, 34|82.960986927089|54.998039251681
Муниципальная новосибирская аптечная сеть, аптека, Аптека №74|Мочищенское шоссе, 2|82.901015471628|55.078893308591
Муниципальная новосибирская аптечная сеть, аптека, Аптека №68|Героев Труда, 4|83.080764781931|54.86083751993
Муниципальная новосибирская аптечная сеть, аптека, Аптека №237|Демакова, 20|83.109070152952|54.863272307985
Муниципальная новосибирская аптечная сеть, аптека, Аптека №214|Учительская, 18|82.971738839262|55.077234764643
Муниципальная новосибирская аптечная сеть, аптека, Аптека №72|Лескова, 282|82.973381534533|55.012510196694
Муниципальная новосибирская аптечная сеть, аптека, Аптека №220|Зорге, 267|82.924113907522|54.933500874146
Муниципальная новосибирская аптечная сеть, аптека, Аптека №241|Связистов, 151а|82.843400987947|54.96412500564
Муниципальная новосибирская аптечная сеть, аптека, Аптека №48|40 лет Комсомола, 5|82.980542014795|54.859150855049
Муниципальная новосибирская аптечная сеть, аптека, Аптека №174|Станиславского, 28|82.872222423158|54.975578732593
Муниципальная новосибирская аптечная сеть, аптека, Аптека №200|Бориса Богаткова, 252|82.979988217674|55.038446483652
Муниципальная новосибирская аптечная сеть, аптека, Аптека №80|Дуси Ковальчук, 266/1|82.916173340108|55.059842705115
Муниципальная новосибирская аптечная сеть, аптека, Аптека №198|Красный проспект, 81|82.914003849351|55.051209719613
Муниципальная новосибирская аптечная сеть, аптека, Аптека №201|Бориса Богаткова, 167|82.970690798566|55.034139444756
Муниципальная новосибирская аптечная сеть, аптека, Аптека №63|Сибиряков-Гвардейцев, 11|82.897506312215|54.977271484223
Муниципальная новосибирская аптечная сеть, аптека, Аптека №1|Красный проспект, 31|82.919506673796|55.032006787153
Муниципальная новосибирская аптечная сеть, аптека, Отделы изготовления лекарственных препаратов; Аптека №2|Красный проспект, 15/1|82.921095416876|55.025706642791
Муниципальная новосибирская аптечная сеть, аптека, Аптека №8|25 лет Октября, 1|82.969862349824|55.068875488685
Аптека, ООО Вита|Дуси Ковальчук, 175|82.907098457748|55.057718209031
Аптека, ООО Вита|Красный проспект, 218|82.911698674769|55.065728479913
Аптека, ОАО Фармация|Пушкина, 36|83.303577540041|54.640767035811
Аптека, ОАО Фармация|Южный микрорайон, 66|83.276695736135|54.615738233474
Аптека, ОАО Фармация|Железнодорожная, 7|82.712459632436|54.991340226615
Аптека, ОАО Фармация|Дуси Ковальчук, 77|82.895546355262|55.053396991255
Аптека, ОАО Фармация|Микрорайон, 34/2|83.04900464763|54.744049581939
Аптека, ОАО Фармация|Солидарности, 65в|82.956278576115|55.156417309833
Аптека, ОАО Фармация|Коротеева, 24|83.301491822725|54.637769652693
Аптека 36.6, национальная аптечная сеть|Галущака, 2а|82.90259008426|55.051789780114
Аптека 36.6, национальная аптечная сеть|Красный проспект, 87|82.913217526514|55.054143970195
Аптека 36.6, национальная аптечная сеть|9 Гвардейской Дивизии, 25|82.843787061126|54.968390524778
Аптека 36.6, национальная аптечная сеть|Зорге, 145|82.926573053337|54.934100854655
Аптека 36.6, национальная аптечная сеть|Аэропорт, ОБЬ-4|82.667453020199|55.009529727012
Аптека 36.6, национальная аптечная сеть|Красный проспект, 186|82.913568106524|55.058594687779
Аптека 36.6, национальная аптечная сеть|Карла Маркса проспект, 2|82.897671921005|54.98293424874
Аптека 36.6, национальная аптечная сеть|Красный проспект, 101|82.912340444942|55.055808369243
Аптека 36.6, национальная аптечная сеть|Карла Маркса площадь, 7|82.897766068202|54.980075403954
Аптека 36.6, национальная аптечная сеть|Учительская, 17|82.96992992434|55.077477704228
Аптека на Иванова, 28, ЗАО|Ленина, 33|83.100518550643|54.76197488113
Аптека на Иванова, 28, ЗАО|Демакова, 5|83.103461987285|54.864138511798
Аптека на Иванова, 28, ЗАО|Иванова, 28|83.090652900635|54.867742770535
Аптека на Иванова, 28, ЗАО|Иванова, 3|83.081726594128|54.866638711236
Мелодия здоровья, сеть аптек|Никитина, 13/1|82.955969274154|55.009416166131
Мелодия здоровья, сеть аптек|Зелёная Горка, 1а|83.096983034184|54.889206909696
Мелодия здоровья, сеть аптек|Ипподромская, 46|82.938882376965|55.059265834042
Мелодия здоровья, сеть аптек|Троллейная, 130а|82.8526254483|54.966614935703
Мелодия здоровья, сеть аптек|9 Гвардейской Дивизии, 26/1|82.843871334692|54.969963773762
Мелодия здоровья, сеть аптек|Гусинобродское шоссе, 20|83.002490916656|55.035294013273
Мелодия здоровья, сеть аптек|Карла Маркса проспект, 57|82.911537414092|54.992637341088
Мелодия здоровья, сеть аптек|40 лет Комсомола, 54|82.982150782928|54.864634019883
Мелодия здоровья, сеть аптек|Комсомольская, 10|82.964468790094|54.957488855887
Мелодия здоровья, сеть аптек|Первомайская, 135|82.850503317217|55.14984792247
Мелодия здоровья, сеть аптек|Вокзальная магистраль, 15|82.913081295701|55.032366004863
Мелодия здоровья, сеть аптек|Геодезическая, 1|82.902973507206|54.990795306406
Мелодия здоровья, сеть аптек|Зорге, 20|82.906792231534|54.933237485229
Мелодия здоровья, сеть аптек|Блюхера, 7|82.889539408195|54.983822865474
Мелодия здоровья, сеть аптек|Орджоникидзе, 35|82.926841119637|55.031769506565
Мелодия здоровья, сеть аптек|Театральная, 46|82.959801760923|55.081238970921
Мелодия здоровья, сеть аптек|Ленина, 59|82.900622957899|55.034002444777
Мелодия здоровья, сеть аптек|Народная, 32|82.960592617939|55.076329165891
Мелодия здоровья, сеть аптек|Красный проспект, 66|82.918353829271|55.040535851741
Мелодия здоровья, сеть аптек|Оловозаводская, 14|82.95301460566|54.963510335313
Мелодия здоровья, сеть аптек|Кольцово пос, 18а|83.185125280252|54.942289633491
Мелодия здоровья, сеть аптек|Титова, 11|82.882544957063|54.982207777973
Мелодия здоровья, сеть аптек|Никитина, 70|82.963994164747|55.014962989168
Мелодия здоровья, сеть аптек|Советская, 21|82.917058271701|55.026027622488
Мелодия здоровья, сеть аптек|Станиславского, 15|82.872330193394|54.982513158657
Мелодия здоровья, сеть аптек|Новосибирская, 20/1|82.843094599939|54.988565404079
Мелодия здоровья, сеть аптек|Кропоткина, 130/7|82.94198069053|55.05726522486
Мелодия здоровья, сеть аптек|Титова, 30|82.869920156113|54.982280188006
Мелодия здоровья, сеть аптек|Горский микрорайон, 43|82.896199686599|54.992963278333
Аптека, ООО Нарт-Фарм|Кропоткина, 132|82.942469041618|55.057497493846
Аптека, ООО Вера Фарм|Каменская, 45|82.926048589688|55.038607233126
Аптека на Сухом Логу, ИП Калганова О.А.|Богдана Хмельницкого, 6|82.93673094216|55.066519185787
Аптека, ЗАО Ветеран|Микрорайон, 10|83.061006227516|54.752519690931
Аптека, ЗАО Ветеран|Краснообск пос, 79|82.991593938405|54.921124517027
Аптека, ЗАО Ветеран|Первомайская, 188|83.07330787711|54.973937095874
Префарм, ООО, сеть аптек|Ольги Жилиной, 90а|82.934148432842|55.045943873895
Префарм, ООО, сеть аптек|Толстого, 5|82.94249358287|55.021742312242
Префарм, ООО, сеть аптек|Терешковой, 12|83.101933320404|54.8410038367
Префарм, ООО, сеть аптек|Советская, 29|82.916492208777|55.027535576001
Префарм, ООО, сеть аптек|Бориса Богаткова, 62 к1|82.951123792369|55.01641272762
Префарм, ООО, сеть аптек|1905 года, 19|82.896940593638|55.040672650585
Префарм, ООО, сеть аптек|Владимировская, 8|82.891696190825|55.033852311251
Префарм, ООО, сеть аптек, Офис|Демьяна Бедного, 71|82.938660365579|55.049058969879
Добрый друг, аптека|Ленинградская, 101/2|82.955543751059|55.014607549385
Сеть аптек, ООО ФК СП-Фарм|ЖКО аэропорта, 17|82.690196512088|54.996502920459
Сеть аптек, ООО ФК СП-Фарм|Доватора, 29|83.000787783527|55.040559343391
Сеть аптек, ООО ФК СП-Фарм|Мира, 3|82.903385247751|54.964677968413
Сеть аптек, ООО ФК СП-Фарм|Максима Горького, 1|82.710691507153|54.990939187894
Сеть аптек, ООО ФК СП-Фарм|Кубовая, 110|82.894918413098|55.129770219255
Тэида, ООО|Героев Революции, 11|83.093907631755|54.973738342189
Аптека, ЗАО Фармакон|Герцена, 12|82.967677949928|54.958970288263
Аптечный пункт, ИП Иванова Т.И.|Мичурина, 23|82.92124558814|55.041147045994
Аптека на Ватутина, ООО|Ватутина, 12|82.88539400058|54.989017509085
Домашняя аптека, ООО Хедж|Вокзальная магистраль, 8Б|82.906860305675|55.032986498757
Домашняя аптека, ООО Хедж|Геодезическая, 13|82.907345763647|54.988361103576
Сеть аптек, ООО СТ Фитоцентр Ромашка|Краснообск пос, 93|82.994842083739|54.921284954192
Сеть аптек, ООО СТ Фитоцентр Ромашка|Краснообск пос, 221|82.983635072222|54.923088673903
Сеть аптек, ООО СТ Фитоцентр Ромашка|Краснообск пос, ДОМ БЫТА|82.983239450492|54.91884141153
Сеть аптек, ООО СТ Фитоцентр Ромашка|Краснообск пос, 61 к1|82.983679405667|54.921600106358
Диамэл, аптека для диабетиков|Дзержинского проспект, 4|82.959735298237|55.047999674372
Аптека, ООО Источник здоровья|Крылова, 71/1|82.941094684143|55.042402807654
Аптека, ООО Форм АНТ|Зорге, 179/1|82.919310344076|54.934768694651
Аптека, ООО Форм АНТ|Сибиряков-Гвардейцев, 49/1 к9|82.911381277606|54.952972657862
Ромашка, сеть аптек|Громова, 7|82.910206095242|54.936875321328
Ромашка, сеть аптек|Перевозчикова, 7|82.906994483575|55.060138528125
Ромашка, сеть аптек|Новосибирская, 9|82.843933058419|54.990171132433
Ромашка, сеть аптек|Крылова, 7|82.918353829271|55.040535851741
Ромашка, сеть аптек|Пархоменко 1-й пер, 16|82.875848705308|54.989098583165
Ромашка, сеть аптек|Трикотажная, 60|82.96528481798|55.067852479852
Ромашка, сеть аптек|Станиславского, 20|82.871733857086|54.978785732621
Ромашка, сеть аптек|Блюхера, 65|82.900879377022|54.990555950527
Ромашка, сеть аптек|Пермитина, 24/1|82.892362602918|54.990907478978
Ромашка, сеть аптек|Бориса Богаткова, 249|82.981467658348|55.041744149368
Ромашка, сеть аптек|Гоголя, 49|82.94106359045|55.044486210823
Ромашка, сеть аптек|Красный проспект, 85|82.913557601472|55.052860920043
Аптека, ООО Авангард-Фарм|Невельского, 57/1|82.812024928867|54.992248643819
Сеть аптек, ООО Фармос|Тюленина, 16/1|82.943743595758|55.109279806127
Аптека на Инском, ООО, №1|Пожарского, 2|83.069372101946|54.975856079839
Аптека на Инском, ООО, №5|Эйхе, 2|83.099856725051|54.969387367364
Аптека на Инском, ООО, №2|Аксёнова, 25|83.060771020143|54.964807774496
Аптека на Инском, ООО, №3|Героев Революции, 5/1|83.096884437773|54.972923762248
Аптека на Инском, ООО, №6|Заречная, 4|83.045812185725|54.977860471093
Аптека на Инском, ООО, №4|Звёздная, 9|83.070179119064|54.947106858526
Аптека, ООО ГНЦ Сибнейромед|Мичурина, 37|82.919707625308|55.046878815545
Аптека, Гомеопатический медико-социальный центр|Октябрьская, 47|82.923756137808|55.025110907995
Аптека, Гомеопатический медико-социальный центр|Терешковой, 40|83.112766422888|54.838813896591
Столичный доктор, сеть аптек|Комсомольская, 23а|82.961267427063|54.957140362054
Столичный доктор, сеть аптек|Героев Революции, 16|83.093142157756|54.974596644997
Столичный доктор, сеть аптек|Палласа, 1|82.878913460478|54.944001278638
Столичный доктор, сеть аптек|Забалуева, 21|82.827517205802|54.989809765566
Столичный доктор, сеть аптек|Южный микрорайон, 48|83.280449573169|54.615852794362
Столичный доктор, сеть аптек|Краснообск пос, 207|82.983656040554|54.925411013908
Столичный доктор, сеть аптек|ЖКО аэропорта, 8|82.689297183939|54.997070227111
Столичный доктор, сеть аптек|Бердышева, 5|82.969190397048|54.862631602346
Столичный доктор, сеть аптек|Богдана Хмельницкого, 72|82.964733025681|55.080914491772
Столичный доктор, сеть аптек|Лейтенанта Амосова, 65а|82.962941857434|55.157939697737
Столичный доктор, сеть аптек|Ученическая, 1|83.128398073909|54.941513206224
Столичный доктор, сеть аптек|Садовая, 27Б|82.64509799615|55.085777632919
Авиценна, сеть аптек|Гусинобродское шоссе, 33|83.02152210094|55.040410398826
Авиценна, сеть аптек|Кошурникова, 8|82.952270758035|55.042969543527
Авиценна, сеть аптек|Горский микрорайон, 72|82.894074061548|54.994492471053
Авиценна, сеть аптек|Фрунзе, 8|82.920495219318|55.036175010261
Авиценна, сеть аптек|Богдана Хмельницкого, 31|82.948585700458|55.073355909722
Авиценна, сеть аптек|Тюленина, 20|82.942538746363|55.109982474424
Авиценна, сеть аптек|Краснообск пос, 219|82.981167566108|54.923432395517
Акцесс, аптека|Пархоменко, 84|82.851907162801|54.987208466621
Аптека №1, ООО СибирьФармТорг|Бориса Богаткова, 264|82.983477013084|55.040952666861
Аптека №2, ООО СибирьФармТорг|Бориса Богаткова, 206|82.973272078462|55.033703944769
Семейная, аптека|Дмитрия Донского, 30|82.895591717927|55.062835454347
Доктор М, аптека|Жуковского, 109|82.892756354243|55.06257452077
Круглосуточная аптека, ООО|Кропоткина, 120|82.930679702729|55.055671031583
Круглосуточная аптека, ООО|Трикотажная, 60/3|82.964369152215|55.068088033968
Круглосуточная аптека, ООО|Линейная, 29/1|82.900769602756|55.049410265834
Мелодия Здоровья, аптека|Ленинградская, 98 к1|82.953818647632|55.014742526225
Мелодия Здоровья, аптека|Челюскинцев, 17|82.907706622263|55.040676005068
Аптека Центр, ООО Новосибирский аптечный центр|Новогодняя, 4/1|82.899903055341|54.980213390514
Аптека Центр, ООО Новосибирский аптечный центр|Серебренниковская, 42|82.925417429172|55.029017650626
Финфарм, аптека|Красный проспект, 161|82.91151620997|55.06133116267
Калина, аптека|Кубовая, 66/1|82.896139387191|55.130091825449
Первая помощь, аптека|Зорге, 179/1|82.919310344076|54.934768694651
Первая помощь, аптека|Станиславского, 29/1|82.873758161717|54.974319172669
Идеал, аптека|Бориса Богаткова, 206|82.973272078462|55.033703944769
Аптека, ООО Аполло|Дзержинского проспект, 7|82.965421814419|55.051855217143
Будь здоров, ООО, сеть аптек|Блюхера, 65|82.900879377022|54.990555950527
Будь здоров, ООО, сеть аптек|Богдана Хмельницкого, 61|82.963593235826|55.081117783386
Будь здоров, ООО, сеть аптек|Забалуева, 45|82.816767885215|54.988841468356
Будь здоров, ООО, сеть аптек|Ватутина, 9|82.886248595821|54.989316413995
Медсибфармация-Н, ООО, аптека|Гоголя, 14|82.919556090845|55.041690810772
Аптека, ООО Ясень|Орджоникидзе, 27|82.92219831168|55.031326990215
Nota Bene, аптека|Берёзовая, 19|83.1046064107|54.937101930386
Аптека, ООО Мирта|Красный проспект, 50|82.920256771986|55.034980521339
Сеть аптек, ООО Элерон-Фарма|Серафимовича, 14|82.880565409313|54.978983340187
Сеть аптек, ООО Элерон-Фарма|Маяковского, 17|83.085031565008|54.973214944801
Сеть аптек, ООО Элерон-Фарма|Комсомольская, 12|82.963150249676|54.957678664283
Сеть аптек, ООО Элерон-Фарма|Станиславского, 2|82.869733469302|54.991452554468
Сеть аптек, ООО Элерон-Фарма|Часовая, 6|82.981606367788|54.866050629879
Аптека 03, ООО|Красный проспект, 8|82.924062659865|55.018105667545
Фармакопейка, сеть аптек-дискаунтеров|Лазурная, 4/1|83.008137941558|55.033762492005
Фармакопейка, сеть аптек-дискаунтеров|Громова, 17|82.909308241511|54.934415893624
Фармакопейка, сеть аптек-дискаунтеров|Троллейная, 1|82.857621560618|54.992883467757
Фармакопейка, сеть аптек-дискаунтеров|Красный проспект, 69|82.916168506856|55.044395951059
Фармакопейка, сеть аптек-дискаунтеров|Ленина, 89|83.111517154144|54.758988015538
Фармакопейка, сеть аптек-дискаунтеров|Богдана Хмельницкого, 33|82.949756435782|55.073956047392
Фармакопейка, сеть аптек-дискаунтеров|Челюскинцев, 5|82.898393497152|55.037232681793
Фармакопейка, сеть аптек-дискаунтеров|Зорге, 145|82.926573053337|54.934100854655
Фармакопейка, сеть аптек-дискаунтеров|Станиславского, 31|82.874291062592|54.968687332672
Фармакопейка, сеть аптек-дискаунтеров|Выборная, 125/1|83.020917803795|55.003492409309
Фармакопейка, сеть аптек-дискаунтеров|Родники, 2|82.948826879661|55.109596610929
Фармакопейка, сеть аптек-дискаунтеров|ЖКО аэропорта, 26/1|82.69472899387|54.996238959451
Фармакопейка, сеть аптек-дискаунтеров|Рассветная, 2 к1|82.971303591048|55.109768797543
Аптека 03, ООО|Красный проспект, 2/1|82.92655975553|55.014693591094
Аптека 03, ООО|Бориса Богаткова, 208/1|82.976070734439|55.035809751932
Аптека, ООО Новосибирский центр профилактики|Бориса Богаткова, 195/1|82.970318426278|55.038063968078
Аптека 03, ООО|Кочубея, 4|82.956009472178|55.105505604252
Аптека 03, ООО|Громова, 15|82.90954670155|54.93528244723
Аптека 03, ООО|Рельсовая, 3|82.922574134716|55.054216573215
Здравствуйте, сеть аптек|Сухарная, 35 к5|82.869361457931|55.047152307242
Здравствуйте, сеть аптек|Южный микрорайон, 34|83.288046743164|54.618243524558
Здравствуйте, сеть аптек|Бердское шоссе, 61/1|83.051886178397|54.962490465
Здравствуйте, сеть аптек|Кольцово пос, 18а|83.185125280252|54.942289633491
Здравствуйте, сеть аптек|Кропоткина, 128а|82.937592584202|55.056124144145
Здравствуйте, сеть аптек|Дуси Ковальчук, 89|82.902095060148|55.055752166498
Здравствуйте, сеть аптек|Нарымская, 19|82.906752024298|55.041983523327
Здравствуйте, сеть аптек|Выборная, 122/3|83.012072543513|55.000100758728
Здравствуйте, сеть аптек|Адриена Лежена, 16|82.979773398107|55.043617696486
Солнышко, сеть аптек, ООО Мастер-А|Бориса Богаткова, 213|82.971321621394|55.039011643135
Солнышко, сеть аптек, ООО Мастер-А|Объединения, 80|82.962418922556|55.095876586539
Аптечный мир, аптека|Объединения, 42|82.957916959605|55.094164959415
Кардинал-А, аптека|Титова, 184 к1|82.834102930069|54.980483726352
Фарм-Лайт, аптека|Невельского, 5а|82.832275982637|54.99342392548
Ноль Боль, аптечная сеть|Бориса Богаткова, 247|82.981077199561|55.041450549247
Аптека, ООО Спец Фарм|Демьяна Бедного, 58а|82.934919522048|55.048116887118
Ноль Боль, аптечная сеть|Жуковского, 123|82.89164055184|55.05703987815
Ноль Боль, аптечная сеть|Никитина, 64|82.961205769382|55.012229380767
Ноль Боль, аптечная сеть|Александра Невского, 10|82.948777673881|55.075676553752
Сеть аптечных пунктов, Муниципальная Новосибирская аптечная сеть|Петухова, 69 к1|82.906222243628|54.943970155924
Сеть аптечных пунктов, Муниципальная Новосибирская аптечная сеть|Телевизионная, 13а|82.889982479829|54.974767448308
Сеть аптечных пунктов, Муниципальная Новосибирская аптечная сеть|Большевистская, 131|82.959283143688|54.999329626793
Сеть аптечных пунктов, Муниципальная Новосибирская аптечная сеть|Чулымская 2-я, 113|82.89562921128|55.010929068267
Сеть аптечных пунктов, Муниципальная Новосибирская аптечная сеть|Красный проспект, 34|82.921505096394|55.028662179299
Сеть аптечных пунктов, Муниципальная Новосибирская аптечная сеть|Кубовая, 106|82.891012597867|55.130033924628
Сеть аптечных пунктов, Муниципальная Новосибирская аптечная сеть|Энгельса, 23/1|82.972251289976|54.860395710956
Сеть аптечных пунктов, Муниципальная Новосибирская аптечная сеть|Гидромонтажная, 46|82.978325199503|54.859135223887
Сеть аптечных пунктов, Муниципальная Новосибирская аптечная сеть|Станиславского, 52|82.873043217003|54.966627926714
Сеть аптечных пунктов, Муниципальная Новосибирская аптечная сеть|Пархоменко 1-й пер, 32|82.880610995705|54.989672915405
Сеть аптечных пунктов, Муниципальная Новосибирская аптечная сеть|Широкая, 113|82.848424048241|54.993202935421
Сеть аптечных пунктов, Муниципальная Новосибирская аптечная сеть|Герцена, 11|82.965580300645|54.960539774228
Сеть аптечных пунктов, Муниципальная Новосибирская аптечная сеть|Танкистов, 23 к2|82.82389107687|54.983371581496
Сеть аптечных пунктов, Муниципальная Новосибирская аптечная сеть|Бориса Богаткова, 222|82.976252528781|55.034920201071
Сеть аптечных пунктов, Муниципальная Новосибирская аптечная сеть|Бориса Богаткова, 50|82.947048903388|55.012402550016
Сеть аптечных пунктов, Муниципальная Новосибирская аптечная сеть|Доватора, 13/1|82.99750366631|55.044180365231
Сеть аптечных пунктов, Муниципальная Новосибирская аптечная сеть|Демакова, 2|83.099259274216|54.863383509115
Сеть аптечных пунктов, Муниципальная Новосибирская аптечная сеть|Клубная, 37|82.792887788393|55.018992401953
Сеть аптечных пунктов, Муниципальная Новосибирская аптечная сеть|Морской проспект, 25|83.098993878035|54.834712388843
Сеть аптечных пунктов, Муниципальная Новосибирская аптечная сеть|Пархоменко 2-й пер, 7|82.874976074859|54.990957090952
Сеть аптечных пунктов, Муниципальная Новосибирская аптечная сеть|Мичурина, 12|82.924055455668|55.04187322861
Сеть аптечных пунктов, Муниципальная Новосибирская аптечная сеть|Героев Революции, 5|83.097892367972|54.972638944767
Сеть аптечных пунктов, Муниципальная Новосибирская аптечная сеть|Связистов, 157|82.843263461969|54.963625764967
Сеть аптечных пунктов, Муниципальная Новосибирская аптечная сеть|Зорге, 47/1|82.911207556144|54.935334537151
Сеть аптечных пунктов, Муниципальная Новосибирская аптечная сеть|Тургенева, 155|82.956006599992|55.018048185547
Сеть аптечных пунктов, Муниципальная Новосибирская аптечная сеть|Карла Маркса проспект, 6/1|82.898815504424|54.983378068659
Сеть аптечных пунктов, Муниципальная Новосибирская аптечная сеть|Русская, 1|83.041706838072|54.849401666683
Сеть аптечных пунктов, Муниципальная Новосибирская аптечная сеть|Шукшина, 3|83.124567062276|54.939021409228
Сеть аптечных пунктов, Муниципальная Новосибирская аптечная сеть|Авиастроителей, 3|82.968337560756|55.070903802239
Сеть аптечных пунктов, Муниципальная Новосибирская аптечная сеть|Мира, 63|82.925445450987|54.963564437927
Сеть аптечных пунктов, Муниципальная Новосибирская аптечная сеть|Палласа, 39|82.880339528841|54.946913900302
Сеть аптечных пунктов, Муниципальная Новосибирская аптечная сеть|Барьерная, 14|82.980843981532|54.864089501978
Сеть аптечных пунктов, Муниципальная Новосибирская аптечная сеть|Бронная, 7|82.956931098585|54.947592567656
Сеть аптечных пунктов, Муниципальная Новосибирская аптечная сеть|Немировича-Данченко, 137/2|82.903724884811|54.9742271465
Сеть аптечных пунктов, Муниципальная Новосибирская аптечная сеть|Адриена Лежена, 5/1|82.987247901061|55.040447835041
Сеть аптечных пунктов, Муниципальная Новосибирская аптечная сеть|Тюленина, 21/1|82.938636020172|55.114673448531
Сеть аптечных пунктов, Муниципальная Новосибирская аптечная сеть|Кузьмы Минина, 24|82.939879905952|55.07618943794
Сеть аптечных пунктов, Муниципальная Новосибирская аптечная сеть|Перевозчикова, 8|82.907623318474|55.060781378218
Радуга, сеть аптек|Волховская, 30|82.839711357894|54.969465016488
Радуга, сеть аптек|Гурьевская, 64|82.952584339774|55.013694375963
Радуга, сеть аптек|Лобова, 34|82.981619376823|55.00254570021
Радуга, сеть аптек|Петухова, 73|82.9230991032|54.942028246669
Радуга, сеть аптек|Русская, 37|83.051593701294|54.847381854441
Радуга, сеть аптек, Эконом аптека|Челюскинцев, 30/1|82.90656875021|55.039384355683
Радуга, сеть аптек, Эконом аптека|Карла Маркса проспект, 6|82.898320982585|54.983872766175
Радуга, сеть аптек|Дуси Ковальчук, 75/3|82.893747402504|55.053902923596
Радуга, сеть аптек|Пушкина, 52|83.303973954107|54.636771787197
Радуга, сеть аптек|Ватутина, 107|82.938121756432|54.963730615973
Радуга, сеть аптек, Эконом аптека|Титова, 30|82.869920156113|54.982280188006
Радуга, сеть аптек|Сибиряков-Гвардейцев, 22|82.895936722031|54.978864670964
Радуга, сеть аптек|Громова, 7/1|82.909077226498|54.937252776907
Радуга, сеть аптек|Дуси Ковальчук, 398|82.928945640486|55.065447275316
Радуга, сеть аптек|Дуси Ковальчук, 266/2|82.91558680164|55.059612588923
Радуга, сеть аптек|Богдана Хмельницкого, 18|82.942884629301|55.069677801375
Радуга, сеть аптек, Аптека Ваше Здоровье|Ватутина, 21|82.893556416854|54.985236222926
Радуга, сеть аптек, Эконом аптека|Учительская, 20|82.971001046705|55.077758689072
Радуга, сеть аптек, Аптека Ваше Здоровье|Морской проспект, 6|83.109255330718|54.840643143547
Радуга, сеть аптек, Эконом аптека|40 лет Комсомола, 8|82.981834815585|54.859608682683
Радуга, сеть аптек, Аптека Ваше Здоровье|Бориса Богаткова, 186|82.966567726984|55.028704389944
Радуга, сеть аптек, Аптека Ваше Здоровье|Рассветная, 5/1|82.967048759057|55.108823938475
Радуга, сеть аптек, Эконом аптека|Крылова, 27|82.92815741192|55.041271218651
Радуга, сеть аптек|Пархоменко, 90/1 к2|82.849604657215|54.987001668681
Радуга, сеть аптек|Дзержинского проспект, 30|82.975682226663|55.055836163581
Радуга, сеть аптек|Котовского, 10|82.880066097652|54.993420833151
Радуга, сеть аптек|Красный проспект, 157/1|82.91007778064|55.059359779697
Радуга, сеть аптек|Краснообск пос, ТЦ|82.98350322103|54.919356339964
Радуга, сеть аптек, Эконом аптека|Гоголя, 38|82.935781261441|55.043291322394
Радуга, сеть аптек, Эконом аптека|Кошурникова, 5|82.956028424579|55.043344459844
Радуга, сеть аптек|Станиславского, 6|82.870143402849|54.988371886848
Радуга, сеть аптек|Владимировская, 26/1|82.882896060594|55.043784490372
Радуга, сеть аптек, Эконом аптека|Титова, 1|82.889427808594|54.982039554101
Радуга, сеть аптек|Даргомыжского, 8а|82.926457316689|55.073054873469
Аптека.ру, служба доставки лекарств|Садовая, 27Б|82.64509799615|55.085777632919
Радуга, сеть аптек|Немировича-Данченко, 142|82.914761964753|54.988335088772
Радуга, сеть аптек|Красина, 62|82.961502413921|55.04683803674
Радуга, сеть аптек|Нарымская, 23|82.9049077072|55.043718685636
Аптека.ру, служба доставки лекарств|Адриена Лежена, 16|82.979773398107|55.043617696486
Аптека.ру, служба доставки лекарств|Рельсовая, 3|82.922574134716|55.054216573215
Аптека.ру, служба доставки лекарств|Новосибирская, 20/1|82.843094599939|54.988565404079
Аптека.ру, служба доставки лекарств|Гусинобродское шоссе, 20|83.002490916656|55.035294013273
Гармония, аптека|Вокзальная магистраль, 2|82.899278777511|55.03441378405
Аптека, ИП Юленкова С.В.|Зыряновская, 57|82.940095085751|55.010800730893
Ноль Боль, аптечная сеть|Кропоткина, 269|82.935369990236|55.057300502774
Аптека, ООО Натали-Н|Дуси Ковальчук, 185|82.920975824505|55.063095806152
Ноль Боль, аптечная сеть|Свечникова, 1|82.945197391603|55.110356864992
Ноль Боль, аптечная сеть|Курчатова, 11|82.969179712213|55.105835067359
Антей, ООО, аптека|Горский микрорайон, 69/1|82.889267970911|54.995677252749
ДНК Фарм, ООО, сеть аптек|Индустриальный микрорайон, 13|83.306451101914|54.628140738889
ДНК Фарм, ООО, сеть аптек|Центральная, 46|83.236919965989|54.675035005951
ДНК Фарм, ООО, сеть аптек|Юбилейный проспект, 23|83.288253699014|54.621825104826
ДНК Фарм, ООО, сеть аптек|Комсомольская, 3|83.297655709232|54.642719958903
Аптека, ООО Новосибфарм|Ленина, 20|82.910545904517|55.029377544652
Образцовая аптека|Блюхера, 27|82.893165313388|54.985974011189
Санта Фарм, аптека|Гурьевская, 78|82.955592039388|55.015914313331
Солнышко, ООО, аптека|Челюскинцев, 5|82.898393497152|55.037232681793
Ваше здоровье, ООО, сеть аптек|Энгельса, 13 / 40 лет Комсомола, 8|82.9818348155852|54.8596086826827
Мелодия Здоровья, сеть аптек|Дуси Ковальчук, 266|82.9161772125721|55.0604333605165
Аптечный Двор, ИП Потапов И.А.|Депутатская, 48|82.927090522914|55.02930530353
Радуга, сеть аптек|Восход, 7|82.942654497232|55.014297392341
Ладушка, федеральная сеть аптек|Вокзальная магистраль, 6|82.904993088462|55.033452278988
Ладушка, федеральная сеть аптек|Карла Маркса площадь, 5|82.892531914499|54.982433767487
Белая аптека, группа аптек|Крылова, 47|82.933153796814|55.041700467947
Сеть аптечных пунктов, Муниципальная Новосибирская аптечная сеть|Полярная, 3/1|82.860186753001|55.027016895575
Сеть аптечных пунктов, Муниципальная Новосибирская аптечная сеть|Рельсовая, 4|82.924020399513|55.054170148637
Сеть аптечных пунктов, Муниципальная Новосибирская аптечная сеть|Ульяновская, 1|82.97376357788|54.995106359102
Сеть аптечных пунктов, Муниципальная Новосибирская аптечная сеть|Красный проспект, 220 к1|82.911998182992|55.068032000555
Сеть аптечных пунктов, Муниципальная Новосибирская аптечная сеть|Рассветная, 1|82.965314302486|55.108601151552
Сеть аптечных пунктов, Муниципальная Новосибирская аптечная сеть|Дзержинского проспект, 44|82.994524237514|55.06482286638
Сеть аптечных пунктов, Муниципальная Новосибирская аптечная сеть|Новоуральская, 27/1|82.955899743142|55.176170952144
Сеть аптечных пунктов, Муниципальная Новосибирская аптечная сеть|Лебедевского, 2/1|82.923463519594|55.082047965645
Аптека.ру, служба доставки лекарств|Титова, 30|82.869920156113|54.982280188006
Аптека.ру, служба доставки лекарств|Карла Маркса проспект, 57|82.911537414092|54.992637341088
Аптека, ООО Клавейсон|Полтавская, 27|82.847662877724|54.973612187066
АНЦ Вита, аптека|Каменская, 38|82.928516178902|55.0320132051
Аптечный пункт, ООО Движение|Узорная, 8|83.078350777432|54.922873855623
Аптека, ООО Спец Фарм|Власова, 11|82.946112519577|55.07821434038
Добрый Доктор, аптека|Линейная, 45|82.91965010086|55.051459337356
Леди-фарм плюс, аптека|Петропавловская, 1|82.862929711672|54.985087601235
Тонус, аптека|Кольцово пос, 19|83.187638064813|54.940725824787
Имплозия, аптека|Станиславского, 3|82.871069955928|54.989776576345
Аптека города, аптечная сеть|Военная, 5|82.936619140084|55.028686930313
Сеть аптечных пунктов, Муниципальная Новосибирская аптечная сеть|Владимировская, 5|82.891227875539|55.033107738894
САНТИ, аптечная сеть|Тюленина, 17/1|82.941687723202|55.11124335895
Социальная аптека, ИП Потапов И.А.|Авиастроителей, 14|82.97631470834|55.07390998938
Аптека, ООО Медикон|Ленина, 36|83.098556056535|54.761741626188
Белый лотос, аптека|Котовского, 17|82.874474211174|54.991817194534
Аптека, ЗАО ТТЦ Изумруд|Демакова, 3|83.101816850856|54.864242351087
Адонис, ООО, аптека|Дзержинского проспект, 45|82.973177961139|55.055801461978
Аптека.ру, служба доставки лекарств|Карла Маркса проспект, 43|82.907362517005|54.990096654384
Бережная аптека, ГК Фармаимпекс|Блюхера, 7|82.889539408195|54.983822865474
Регионфарм, ООО, сеть аптек|Героев Революции, 12/1|83.095973405583|54.973917002551
Аптека.ру, служба доставки лекарств|Никитина, 13/1|82.955969274154|55.009416166131
Аптека.ру, служба доставки лекарств|Бориса Богаткова, 208/1|82.976070734439|55.035809751932
Аптека.ру, служба доставки лекарств|Ленинградская, 98 к1|82.953818647632|55.014742526225
Аптека, ООО Авангард-Фарм|Дмитрия Шамшурина, 43|82.896073496095|55.035843976157
Сонекс-Н, аптека|Сибиряков-Гвардейцев, 32|82.896614761425|54.976765112959
Бердская, сеть аптек|Ленина, 15|83.091141256844|54.764923244541
Бердская, сеть аптек|Рогачёва, 15|83.061341299096|54.752117901006
Бердская, сеть аптек|Первомайская, 12|83.097963755381|54.766162479733
Бердская, сеть аптек|Ленина, 11/1|83.078079094865|54.76878262012
Бердская, сеть аптек|Красная Сибирь, 123|83.058658175809|54.746693448624
Бердская, сеть аптек|Пионерская, 1|83.093249792073|54.750614792729
Круглосуточная аптека, ООО|Титова, 9|82.883879060635|54.982267063886
Аптека, ООО ФармИнвест|Панфиловцев, 1|82.976267439474|55.026108113534
ДНК Фарм, ООО, сеть аптек|Южный микрорайон, 41Б|83.286142300941|54.614888955547
Радуга, сеть аптек, Эконом аптека|Красный проспект, 45|82.918491352235|55.0357986519231
Аптека, ООО Юнисиб М|Троллейная, 130/1|82.852191159201|54.964339307385
РИАЛ, ООО, аптека|Немировича-Данченко, 141|82.90896170362|54.977033850747
Аптека 36.6, национальная аптечная сеть|Советская, 20|82.916323404949|55.031735407535
Сибирский аптекарь, аптека|Дзержинского проспект, 79|82.989757680932|55.06325611337
Интра, аптека|Первомайская, 234|83.049670839179|54.978030532922
Сеть аптек, ООО Фармос|Гребенщикова, 13|82.941977995661|55.113639817505
Аурум, аптека|Родники, 1|82.950322449083|55.109857054568
Астрафарм, ООО, аптека|Красный проспект, 173|82.909862217979|55.067265234281
Кедр, аптека|Советская, 50|82.913371378184|55.042772204983
Аптека, ОАО Фармация|Ленина, 83|83.109216354596|54.7593283412
Эдельвейс, система аптек|Красный проспект, 13|82.921544698964|55.024121266732
Радуга, сеть аптек, Эконом аптека|Бориса Богаткова, 239|82.977384493213|55.038213602514
Радуга, сеть аптек|Энергетиков проезд, 9|82.877224188558|55.009130176702
Аптека.ру, служба доставки лекарств|Вокзальная магистраль, 15|82.913081295701|55.032366004863
Белая аптека, группа аптек|Лазурная, 4/3|83.008912961629|55.033673320863
Аптека, ООО Мир здоровья Плюс|Лескова, 252/1|82.97047776288|55.013490863493
Аптека 36.6, национальная аптечная сеть|Станиславского, 17|82.873363213118|54.981796765611
Аптека, ООО Магистр|Береговая, 1|82.776024211199|55.098375821023
Медсибфармация-Н, ООО, аптека|Залесского, 6 к7|82.93277303694|55.072520255182
Моя Аптека, сеть аптек|Богдана Хмельницкого, 36|82.9502933419917|55.0734796071162
Муниципальная новосибирская аптечная сеть, аптека, Аптека №253|Дуси Ковальчук, 16|82.886752540508|55.04864104097
Муниципальная новосибирская аптечная сеть, аптека, Аптека №252|Оловозаводская, 1/2|82.957846145086|54.965469385657
Муниципальная новосибирская аптечная сеть, аптека, Аптека №25/2|Объединения, 42|82.957916959605|55.094164959415
Муниципальная новосибирская аптечная сеть, аптека, Аптека №72|Рассветная, 2/5|82.970644302771|55.109951947982
Муниципальная новосибирская аптечная сеть, аптека, Аптека №3|Восход, 18|82.941258856439|55.012011336247
Муниципальная новосибирская аптечная сеть, аптека, Аптека №65|Первомайская, 156|83.088205191678|54.971373037841
Муниципальная новосибирская аптечная сеть, аптека, Аптека №6|Крылова, 15|82.926738334457|55.041145543271
Муниципальная новосибирская аптечная сеть, аптека, Аптека №135|Жуковского, 115|82.89218165048|55.059833606975
Муниципальная новосибирская аптечная сеть, аптека, Аптека|Линейная, 29|82.901744798381|55.048823525209
Аптека, ОАО Фармация|Строительная, 5|82.708812317974|54.991925752841
Аптека 36.6, национальная аптечная сеть|Светлановская, 50|82.932941919851|55.081855852343
Мелодия здоровья, сеть аптек|Дзержинского проспект, 30/1|82.976527045097|55.056233547009
Мелодия здоровья, сеть аптек|Станиславского, 40/1|82.873038911|54.969116608601
Мелодия здоровья, сеть аптек|Ленина, 27|83.094996335441|54.763728340919
Мелодия здоровья, сеть аптек|Дуси Ковальчук, 1/1|82.882155044038|55.04929351778
Мелодия здоровья, сеть аптек|Объединения, 80|82.962418922556|55.095876586539
Префарм, ООО, сеть аптек|Ольги Жилиной, 73|82.931454698412|55.045902027262
Добрый друг, аптека|Зыряновская, 57|82.940095085751|55.010800730893
Моя Аптека, сеть аптек|Станиславского, 8|82.870743392097|54.985225192177
Сеть аптек, ООО ФК СП-Фарм|Комсомольская, 23|82.960482198549|54.95645131071
Сеть аптек, ООО ФК СП-Фарм|Комсомольская, 4|82.964997533835|54.957147093207
Аптека, ЗАО СибВестТоп|Сибиряков-Гвардейцев, 43|82.902629905992|54.963307770125
Аптека, ООО Универсал|Первомайская, 39/4|83.109433914527|54.966354706324
Сибирский аптекарь, аптека|Дзержинского проспект, 38|82.984886651149|55.060292405472
Ритм, ООО, сеть аптечных пунктов|Шукшина, 13/1|83.120781046821|54.938312244909
Регионфарм, ООО, сеть аптек|Выборная, 142/1|83.019688520637|55.002309482135
Ромашка, сеть аптек|Гоголя, 29|82.933858835983|55.044219164043
Ромашка, сеть аптек|Пархоменко, 14|82.868555124145|54.987914149902
Сеть аптек, ООО Фармос|Тюленина, 15|82.946829475634|55.109813536945
Сеть аптек, ООО Фармос|Тюленина, 19|82.938515942416|55.112589340981
Аптека, ООО ПК Фирма Синопсис|Урманова, 11|82.95253611175|54.964898068899
Аптека на Инском, ООО, №7|Героев Революции, 32/1|83.083285370954|54.977226399498
Аптека №227|Микрорайон, 7|82.638381613549|55.085653296055
Аюр Дент и К, аптека|Нарымская, 11|82.910132964328|55.039323796764
Столичный доктор, сеть аптек|Забалуева, 78Б|82.806305734837|54.988698814889
Столичный доктор, сеть аптек|Первомайская, 196|83.070229337711|54.974330815262
Столичный доктор, сеть аптек|Кирова, 25|82.94214676201|55.018251988622
Аптека, ООО Викон|Кирова, 108|82.952282969764|55.01263459799
Радуга, сеть аптек|Гусинобродское шоссе, 11/1 ст2|83.001263953936|55.036837761711
Радуга, сеть аптек, Эконом аптека|Гоголя, 17|82.925998777552|55.043136273252
Ноль Боль, аптечная сеть|Земнухова, 8|82.952672614792|55.110143291049
Макси плюс, аптека|Никитина, 68|82.962565273507|55.013833896428
Мила-Фарм, аптека|Садовая, 34|82.965262658833|55.137915158619
Круглосуточная аптека, ООО|Сибирская, 40|82.908464849686|55.035700898555
ВиТ, аптека|Дзержинского проспект, 81|82.992256568099|55.064412999032
Витафарм, ООО, аптека|Сибиряков-Гвардейцев, 50|82.900581035825|54.963275284328
Аптечный пункт, ООО Эрва|Холодильная, 16|82.885294947441|55.050365877324
Кантарис, гомеопатическая аптека|Чаплыгина, 18|82.91254282252|55.024976646629
Аквавива, ООО, аптека|Пархоменко, 26|82.859430259117|54.987742855305
Пульс, сеть аптек|Комсомольская, 24|83.098768575573|54.764311311761
Нега, аптека|Грибоедова, 34|82.958351252776|55.006971339881
Эвалар, сеть аптек|9 Гвардейской Дивизии, 25|82.843787061126|54.968390524778
Аптека на Ключ-Камышенском, ООО Транс-ДОМ|Ключ-Камышенское Плато, 7а|83.03980622843|54.987013875715
Эдельвейс, аптека|Титова, 41/1|82.863770596289|54.981322203024
Витана, аптечная сеть|Подгорный микрорайон, 32|83.288106735166|54.625057072816
Оптимэ+, ООО, сеть аптек|Украинская, 60|83.289954890401|54.619058324435
Оптимэ+, ООО, сеть аптек|Южный микрорайон, 66а|83.277553377746|54.615932500203
Сибиряк, аптека|Московская, 97|82.943554742828|55.018324034959
Сириус, аптека|Ключ-Камышенское Плато, 14|83.046171856783|54.98794093364
Здравствуйте, сеть аптек|Семьи Шамшиных, 88|82.929097266032|55.046193440081
Здравствуйте, сеть аптек|Тульская, 90/2|82.912607337865|54.977145543689
Здравствуйте, сеть аптек|Дачная, 60 к14|82.903135572529|55.065832709772
Юнона, аптека|Красный проспект, 173|82.909862217979|55.067265234281
Аптека, ООО Розничные системы|Немировича-Данченко, 155|82.91293356465|54.984003844624
Фармавита, аптека|Троллейная, 39|82.860005721919|54.978579001719
Аптека, ООО Первая помощь|Фрунзе, 12|82.927130683189|55.036926977654
Фарм-Лайт, аптека|Красный Яр пос, 22 к3|82.909821649814|55.219153345046
Эвентус, аптека|Южная, 40/3|82.849927361279|54.982552555189
Планета здоровья, аптека|Ленина, 17|82.909538268498|55.028485115887
Линия жизни, аптека|Семьи Шамшиных, 12|82.934304364745|55.027128570601
Жизнь, аптека|Семьи Шамшиных, 32|82.932586152367|55.033107746827
Социальная аптека, ООО Примекс-Алтая|Кропоткина, 130/5|82.939640518028|55.057385127848
Эпиона, аптека|Островского, 78|83.097123136498|54.757794303672
Аптека, ООО Клиника Санитас|Молдавская, 50|83.295739788355|54.617852525195
Сибирский Провизор, ООО, аптека|Саратовская, 2|82.886773630179|55.038791265657
Незабудка, аптека|Селезнёва, 31 к1|82.945552185835|55.043083315159
Аптечный пункт, пос. Сосновка|Центральная, 12|82.954743987188|54.682596340169
Аптечный пункт, ИП Колмакова С.Г.|Родники, 2|82.948826879661|55.109596610929
Антей, аптека|Гребенщикова, 12|82.94292251207|55.113256738149
Вектор-Медика, аптека|Кольцово пос, АБК к12а|83.206413724701|54.952264189866
Модерн-Фарма, аптека|Ленина, 94|82.896300770296|55.039018270982
Аптечный пункт, с. Ярково|Первомайская, 9|82.600558272798|54.811105680366
Бережная аптека, ГК Фармаимпекс|Бориса Богаткова, 206|82.973272078462|55.033703944769
ДНК Фарм, ООО, сеть аптек|Нагорная, 9|83.328201007597|54.575544856541
Аптека, ООО Амега|ЖКО аэропорта, 25/2а|82.69212407808|54.995362995176
Аптека, ООО МЕРА|Дзержинского проспект, 10|82.963070057907|55.049646420781
Домашняя Аптека, ООО|Кирова, 46/2|82.940049647385|55.018032701908
Аптека, ООО АРДИЯ|Ленинградская, 324|82.978858514402|55.0043570371
Аптека, ООО СистемА|Петухова, 22/1|82.900907020805|54.940219495947
Радуга, сеть аптек|Советская, 2|82.921616265158|55.0200881429
Аптека 36.6, национальная аптечная сеть|Красный проспект, 17|82.920896131841|55.026619169589
Аптека 36.6, национальная аптечная сеть|Гоголя, 17|82.925998777552|55.043136273252
Аптека 36.6, национальная аптечная сеть|Красный проспект, 57 / Крылова, 10а|82.917173539978|55.039645261235
Эдельвейс, система аптек|Немировича-Данченко, 147/3|82.912708473035|54.981275614248
Фармакопейка, сеть аптек-дискаунтеров|Трикотажная, 60/3|82.964369152215|55.068088033968
Белая аптека, группа аптек|Троллейная, 1|82.857621560618|54.992883467757
Ноль Боль, аптечная сеть|Дзержинского проспект, 71а|82.984247933496|55.06064744858
Радуга, сеть аптек|Максима Горького, 6|83.106594403023|54.75902413437
Ноль Боль, аптечная сеть|Кочубея, 1|82.954993336162|55.10574091344
Белая аптека, группа аптек|Орджоникидзе, 30|82.931057576887|55.031671130088
Радуга, сеть аптек, Эконом аптека|Зорге, 179|82.92137286154|54.934677031749
